<?xml version="1.0" encoding="UTF-8"?>
<Project Author="Amina" CommentTableSortAscending="false" CommentTableSortColumn="Date Time" DocumentationType="html" ExportedFromDifferentName="false" ExporterVersion="12.2" Name="untitled" TextualAnalysisHighlightOptionCaseSensitive="false" UmlVersion="2.x" Xml_structure="simple">
	<ProjectInfo>
		<LogicalView/>
		<ProjectOptions>
			<DiagramOptions ActivityDiagramControlFlowDisplayOption="\u0000" ActivityDiagramShowActionCallBehaviorOption="\u0000" ActivityDiagramShowActivityEdgeWeight="true" ActivityDiagramShowObjectNodeType="true" ActivityDiagramShowPartitionHandle="\u0000" AddDataStoresExtEntitiesToDecomposedDFD="\u0002" AlignColumnProperties="true" AllowConfigShowInOutFlowButtonsInDataFlowDiagram="false" AutoGenerateRoleName="false" AutoSetAttributeType="true" AutoSetColumnType="true" AutoSyncRoleName="true" BpdAutoStretchPools="true" BpdConnectGatewayWithFlowObjectInDifferentPool="\u0000" BpdDefaultConnectionPointStyle="\u0001" BpdDefaultConnectorStyle="\u0005" BpdDhowIdOption="\u0000" BpdShowActivitiesTypeIcon="true" BusinessProcessDiagramDefaultLanguage="English" ClassVisibilityStyle="\u0001" ConnectorLabelOrientation="\u0000" CreateOneMessagePerDirection="true" DecisionMergeNodeConnectionPointStyle="\u0000" DefaultAssociationEndNavigable="\u0001" DefaultAssociationEndVisibility="\u0000" DefaultAssociationShowFromMultiplicity="true" DefaultAssociationShowFromRoleName="true" DefaultAssociationShowFromRoleVisibility="true" DefaultAssociationShowStereotypes="true" DefaultAssociationShowToMultiplicity="true" DefaultAssociationShowToRoleName="true" DefaultAssociationShowToRoleVisibility="true" DefaultAttributeMultiplicity="false" DefaultAttributeType="" DefaultAttributeVisibility="\u0001" DefaultClassAttributeMultiplicity="" DefaultClassAttributeMultiplicityOrdered="false" DefaultClassAttributeMultiplicityUnique="true" DefaultClassInterfaceBall="false" DefaultClassVisibility="\u0004" DefaultColumnType="integer(10)" DefaultConnectionPointStyle="\u0000" DefaultConnectorStyle="\u0001" DefaultDiagramBackground="rgb(255, 255, 255)" DefaultDisplayAsRobustnessAnalysisIcon="true" DefaultDisplayAsRobustnessAnalysisIconInSequenceDiagram="true" DefaultDisplayAsStereotypeIcon="false" DefaultFontColor="rgb(0, 0, 0)" DefaultGenDiagramTypeFromScenario="\u0000" DefaultHtmlDocFontColor="rgb(0, 0, 0)" DefaultLineJumps="\u0000" DefaultOperationVisibility="\u0004" DefaultParameterDirection="\u0002" DefaultShowAttributeInitialValue="true" DefaultShowAttributeOption="\u0001" DefaultShowClassMemberStereotype="true" DefaultShowDirection="false" DefaultShowMultiplicityConstraints="false" DefaultShowOperationOption="\u0001" DefaultShowOperationSignature="true" DefaultShowOrderedMultiplicityConstraint="true" DefaultShowOwnedAssociationEndAsAttribute="true" DefaultShowOwner="false" DefaultShowTemplateParameter="true" DefaultShowTypeOption="\u0001" DefaultShowUniqueMultiplicityConstraint="true" DefaultTypeOfSubProcess="\u0000" DefaultWrapClassMember="false" DrawTextAnnotationOpenRectangleFollowConnectorEnd="true" EnableMinimumSize="true" EntityColumnConstraintsPresentation="\u0002" ErdIndexNumOfDigits="-1" ErdIndexPattern="{table_name}" ErdIndexPatternSyncAutomatically="true" ExpandedSubProcessDiagramContent="\u0001" ForeignKeyArrowHeadSize="\u0002" ForeignKeyConnectorEndPointAssociatedColumn="false" ForeignKeyNamePattern="{reference_table_name}{reference_column_name}" ForeignKeyNamePatternCaseHandling="0" ForeignKeyRelationshipPattern="{association_name}" FractionalMetrics="true" GeneralizationSetNotation="\u0001" GraphicAntiAliasing="true" GridDiagramFontSize="14" LineJumpSize="\u0000" ModelElementNameAlignment="\u0004" MultipleLineClassName="\u0001" PaintConnectorThroughLabel="false" PointConnectorEndToCompartmentMember="true" PrimaryKeyConstraintPattern="" PrimaryKeyNamePattern="ID" RenameConstructorAfterRenameClass="\u0000" RenameExtensionPointToFollowExtendUseCase="\u0000" ShapeAutoFitSize="false" ShowActivationsInSequenceDiagram="true" ShowActivityStateNodeCaption="65535" ShowArtifactOption="\u0002" ShowAssociatedDiagramNameOfInteraction="false" ShowAssociationRoleStereotypes="true" ShowAttributeGetterSetter="false" ShowClassEmptyCompartments="false" ShowColumnNullable="true" ShowColumnType="true" ShowColumnUniqueConstraintName="false" ShowComponentOption="\u0002" ShowExtraColumnProperties="true" ShowInOutFlowButtonsInDataFlowDiagram="false" ShowInOutFlowsInSubLevelDiagram="true" ShowMessageOperationSignatureForSequenceAndCommunicationDiagram="true" ShowMessageStereotypeInSequenceAndCommunicationDiagram="true" ShowNumberInCollaborationDiagram="true" ShowNumberInSequenceDiagram="true" ShowPackageNameStyle="\u0000" ShowParameterNameInOperationSignature="true" ShowRowGridLineWithinCompClassDiagram="false" ShowRowGridLineWithinCompERD="true" ShowRowGridLineWithinORMDiagram="true" ShowSchemaNameInERD="true" ShowTransitionTrigger="\u0000" ShowUseCaseExtensionPoint="true" ShowUseCaseID="false" StateShowPrePostConditionAndBodyOfInternalActivities="true" StopTargetLifelineOnCreateDestroyMessage="\u0002" SupportHtmlTaggedValue="false" SupportMultipleLineAttribute="true" SuppressImpliedMultiplicityForAttributeAssociationEnd="false" SyncAssociationNameWithAssociationClass="\u0000" SyncAssociationRoleNameWithReferencedAttributeName="true" SyncDocOfInterfaceToSubClass="\u0000" TextAntiAliasing="true" TextualAnalysisGenerateRequirementTextOption="\u0001" TextualAnalysisHighlightOption="\u0000" UseStateNameTab="false">
				<DefaultHtmlDocFont Family="Dialog" Size="11" Style="0"/>
			</DiagramOptions>
			<GeneralOptions ConfirmSubLevelIdWithDot="true"/>
			<InstantReverseOptions CalculateGeneralizationAndRealization="false" CreateShapeForParentModelOfDraggedClassPackage="false" ReverseGetterSetter="\u0000" ReverseOperationImplementation="false" ShowPackageForNewDiagram="\u0001" ShowPackageOwner="\u0000"/>
			<ModelQualityOptions EnableModelQualityChecking="false"/>
			<OfficeExchangeOptions GenerateBlankModel="false" GenerateTableOfContent="true" InsertPageBreak="true"/>
			<ORMOptions DecimalPrecision="19" DecimalScale="0" ExportCommentToDatabase="true" FormattedSQL="false" GenerateAssociationWithAttribute="false" GenerateDiagramFromORMWizards="true" GetterSetterVisibility="\u0000" IdGeneratorType="native" MappingFileColumnOrder="\u0000" NumericToClassType="\u0000" QuoteSQLIdentifier="\u0000" RecreateShapeWhenSync="false" SyncToClassDiagramAttributeName="\u0001" SyncToClassDiagramAttributeNamePrefix="" SyncToClassDiagramAttributeNameSuffix="" SyncToClassDiagramClassName="\u0000" SyncToClassDiagramClassNamePrefix="" SyncToClassDiagramClassNameSuffix="" SyncToERDColumnName="\u0000" SyncToERDColumnNamePrefix="" SyncToERDColumnNameSuffix="" SyncToERDTableName="\u0004" SyncToERDTableNamePrefix="" SyncToERDTableNameSuffix="" SynchronizeDefaultValueToColumn="false" SynchronizeName="\u0002" TablePerSubclassFKMapping="\u0000" UpperCaseSQL="true" UseDefaultDecimal="true" WrappingServletRequest="\u0001"/>
			<RequirementDiagramOptions DefaultWrapMember="false" ShowAttributes="\u0001" SupportHTMLAttribute="false"/>
			<StateCodeEngineOptions AutoCreateInitialStateInStateDiagram="true" AutoCreateTransitionMethods="true" DefaultInitialStateLocationX="-1" DefaultInitialStateLocationY="-1" GenerateDebugMessage="false" GenerateSample="true" GenerateTryCatch="true" Language="\u0000" RegenerateTransitionMethods="false" SyncTransitionMethods="true"/>
			<WarningOptions CreateORMClassInDefaultPackage="true"/>
			<PORepository>
				<POUserIDFormats>
					<POUserIDFormat Digits="2" Guid="false" Id="FB7mqcqGAqACBAI." LastNumericValue="0" ModelType="BPMNElement" Prefix="BP" Suffix=""/>
					<POUserIDFormat Digits="2" Guid="false" Id="FB7mqcqGAqACBAI_" LastNumericValue="0" ModelType="Actor" Prefix="AC" Suffix=""/>
					<POUserIDFormat Digits="2" Guid="false" Id="FB7mqcqGAqACBAJA" LastNumericValue="0" ModelType="UseCase" Prefix="UC" Suffix=""/>
					<POUserIDFormat Digits="3" Guid="false" Id="FB7mqcqGAqACBAJB" LastNumericValue="0" ModelType="Requirement" Prefix="REQ" Suffix=""/>
					<POUserIDFormat Digits="3" Guid="false" Id="FB7mqcqGAqACBAJC" LastNumericValue="0" ModelType="BusinessRule" Prefix="BR" Suffix=""/>
				</POUserIDFormats>
			</PORepository>
		</ProjectOptions>
	</ProjectInfo>
	<Models>
		<DataType Documentation_plain="" Id="DC7mqcqGAqACBAAS" Name="boolean" PmAuthor="Amina" PmCreateDateTime="2016-03-20T20:01:38.480" PmLastModified="2016-03-20T20:13:16.413" QualityScore="-1" UserIDLastNumericValue="0"/>
		<DataType Documentation_plain="" Id="DC7mqcqGAqACBAAT" Name="byte" PmAuthor="Amina" PmCreateDateTime="2016-03-20T20:01:38.480" PmLastModified="2016-03-20T20:13:16.413" QualityScore="-1" UserIDLastNumericValue="0"/>
		<DataType Documentation_plain="" Id="DC7mqcqGAqACBAAU" Name="char" PmAuthor="Amina" PmCreateDateTime="2016-03-20T20:01:38.480" PmLastModified="2016-03-20T20:13:16.413" QualityScore="-1" UserIDLastNumericValue="0"/>
		<DataType Documentation_plain="" Id="DC7mqcqGAqACBAAV" Name="double" PmAuthor="Amina" PmCreateDateTime="2016-03-20T20:01:38.480" PmLastModified="2016-03-20T20:13:16.412" QualityScore="-1" UserIDLastNumericValue="0"/>
		<DataType Documentation_plain="" Id="DC7mqcqGAqACBAAW" Name="float" PmAuthor="Amina" PmCreateDateTime="2016-03-20T20:01:38.480" PmLastModified="2016-03-20T20:13:16.412" QualityScore="-1" UserIDLastNumericValue="0"/>
		<DataType Documentation_plain="" Id="DC7mqcqGAqACBAAX" Name="int" PmAuthor="Amina" PmCreateDateTime="2016-03-20T20:01:38.480" PmLastModified="2016-03-20T20:13:16.411" QualityScore="-1" UserIDLastNumericValue="0"/>
		<DataType Documentation_plain="" Id="DC7mqcqGAqACBAAY" Name="long" PmAuthor="Amina" PmCreateDateTime="2016-03-20T20:01:38.480" PmLastModified="2016-03-20T20:13:16.410" QualityScore="-1" UserIDLastNumericValue="0"/>
		<DataType Documentation_plain="" Id="DC7mqcqGAqACBAAZ" Name="short" PmAuthor="Amina" PmCreateDateTime="2016-03-20T20:01:38.480" PmLastModified="2016-03-20T20:13:16.410" QualityScore="-1" UserIDLastNumericValue="0"/>
		<DataType Documentation_plain="" Id="DC7mqcqGAqACBAAa" Name="void" PmAuthor="Amina" PmCreateDateTime="2016-03-20T20:01:38.480" PmLastModified="2016-03-20T20:13:16.408" QualityScore="-1" UserIDLastNumericValue="0"/>
		<DataType Documentation_plain="" Id="DC7mqcqGAqACBAAb" Name="string" PmAuthor="Amina" PmCreateDateTime="2016-03-20T20:01:38.480" PmLastModified="2016-03-20T20:13:16.407" QualityScore="-1" UserIDLastNumericValue="0"/>
		<ObjectNode ControlType="false" Documentation_plain="" Id="UCp2qcqGAqACBAPv" Leaf="false" MustIsolate="false" Name="" OrderingKind="FIFO" PmAuthor="Amina" PmCreateDateTime="2016-03-20T20:09:09.002" PmLastModified="2016-03-20T20:13:16.340" QualityScore="-1" TypeModifier="" UpperBound="" UserIDLastNumericValue="0" Visibility="Unspecified">
			<MasterView>
				<ObjectNode Idref="YCp2qcqGAqACBAPu" Name=""/>
			</MasterView>
		</ObjectNode>
		<ActivitySwimlane2 Documentation_plain="" Id="vwEFBcqGAqACBASQ" Name="Swimlane" PmAuthor="Amina" PmCreateDateTime="2016-03-23T00:19:46.685" PmLastModified="2016-03-23T00:44:43.583" QualityScore="-1" UserIDLastNumericValue="0">
			<VerticalPartitions>
				<ActivityPartition Idref="UYEFBcqGAqACBASV" Name="Administrator"/>
				<ActivityPartition Idref="aEEFBcqGAqACBASb" Name="Gost"/>
				<ActivityPartition Idref="WdqFBcqGAqACBATD" Name="Hotelsko osoblje"/>
			</VerticalPartitions>
			<FromSimpleRelationships>
				<Dependency Idref="URBNBcqGAqACBAcZ" Name=""/>
			</FromSimpleRelationships>
			<MasterView>
				<ActivitySwimlane2 Idref="vwEFBcqGAqACBASP" Name="Swimlane"/>
			</MasterView>
			<ModelChildren>
				<ActivityPartition Documentation_plain="" Id="UYEFBcqGAqACBASV" Name="Administrator" PmAuthor="Amina" PmCreateDateTime="2016-03-23T00:19:46.826" PmLastModified="2016-03-23T00:37:57.026" QualityScore="-1" UserIDLastNumericValue="0">
					<ContainedElements>
						<ActivityAction Idref="szuFBcqGAqACBATP" Name="Provjer podataka i obrada zahtjeva"/>
						<InitialNode Idref="BNBFBcqGAqACBATZ" Name=""/>
						<ActivityAction Idref="KMzFBcqGAqACBAUC" Name="Obrazlozenje i ponuda rezervacije punem aplikacije"/>
						<MergeNode Idref="3J_FBcqGAqACBAUk" Name=""/>
						<ActivityAction Idref="DdElBcqGAqACBAW8" Name="Dodjela korisnicke sifre i kljuca"/>
						<FlowFinalNode Idref="SFsVBcqGAqACBAZO" Name=""/>
					</ContainedElements>
					<MasterView>
						<ActivityPartitionHeader Idref="UYEFBcqGAqACBASU" Name="Administrator"/>
					</MasterView>
				</ActivityPartition>
				<ActivityPartition Documentation_plain="" Id="aEEFBcqGAqACBASb" Name="Gost" PmAuthor="Amina" PmCreateDateTime="2016-03-23T00:19:46.966" PmLastModified="2016-03-23T00:37:57.025" QualityScore="-1" UserIDLastNumericValue="0">
					<ContainedElements>
						<ActivityAction Idref="diO1BcqGAqACBAav" Name="Dodatni zahtjevi putem aplikacije"/>
					</ContainedElements>
					<MasterView>
						<ActivityPartitionHeader Idref="aEEFBcqGAqACBASa" Name="Gost"/>
					</MasterView>
				</ActivityPartition>
				<ActivityPartition Documentation_plain="" Id="WdqFBcqGAqACBATD" Name="Hotelsko osoblje" PmAuthor="Amina" PmCreateDateTime="2016-03-23T00:20:42.650" PmLastModified="2016-03-23T00:44:43.582" QualityScore="-1" UserIDLastNumericValue="0">
					<ContainedElements>
						<ActivityAction Idref="ciyNBcqGAqACBAcQ" Name="Izvrsavanje zahtjeva "/>
						<ActivityFinalNode Idref="IY1NBcqGAqACBAco" Name=""/>
					</ContainedElements>
					<MasterView>
						<ActivityPartitionHeader Idref="WdqFBcqGAqACBATC" Name="Hotelsko osoblje"/>
					</MasterView>
				</ActivityPartition>
				<ActivityAction Documentation_plain="" Id="szuFBcqGAqACBATP" Leaf="false" MustIsolate="false" Name="Provjer podataka i obrada zahtjeva" PmAuthor="Amina" PmCreateDateTime="2016-03-23T00:21:15.725" PmLastModified="2016-03-23T00:27:56.473" QualityScore="-1" UserIDLastNumericValue="0" Visibility="Unspecified">
					<FromSimpleRelationships>
						<ControlFlow Idref="jmwlBcqGAqACBAWr" Name=""/>
					</FromSimpleRelationships>
					<ToSimpleRelationships>
						<ControlFlow Idref="S03lBcqGAqACBAY0" Name=""/>
					</ToSimpleRelationships>
					<MasterView>
						<ActivityAction Idref="vTuFBcqGAqACBATO" Name="Provjer podataka i obrada zahtjeva"/>
					</MasterView>
				</ActivityAction>
				<InitialNode Documentation_plain="" Id="BNBFBcqGAqACBATZ" Leaf="false" MustIsolate="false" Name="" PmAuthor="Amina" PmCreateDateTime="2016-03-23T00:21:27.584" PmLastModified="2016-03-23T00:27:56.473" QualityScore="-1" UserIDLastNumericValue="0" Visibility="Unspecified">
					<FromSimpleRelationships>
						<ControlFlow Idref="S03lBcqGAqACBAY0" Name=""/>
					</FromSimpleRelationships>
					<MasterView>
						<InitialNode Idref="BNBFBcqGAqACBATY" Name=""/>
					</MasterView>
				</InitialNode>
				<ActivityAction Documentation_plain="" Id="KMzFBcqGAqACBAUC" Leaf="false" MustIsolate="false" Name="Obrazlozenje i ponuda rezervacije punem aplikacije" PmAuthor="Amina" PmCreateDateTime="2016-03-23T00:22:43.348" PmLastModified="2016-03-23T00:37:57.027" QualityScore="-1" UserIDLastNumericValue="0" Visibility="Unspecified">
					<FromSimpleRelationships>
						<ControlFlow Idref="0YiVBcqGAqACBAZX" Name=""/>
					</FromSimpleRelationships>
					<ToSimpleRelationships>
						<ControlFlow Idref="RSolBcqGAqACBAW0" Name="Nije rezervisao"/>
					</ToSimpleRelationships>
					<MasterView>
						<ActivityAction Idref="KMzFBcqGAqACBAUB" Name="Obrazlozenje i ponuda rezervacije punem aplikacije"/>
					</MasterView>
				</ActivityAction>
				<MergeNode Documentation_plain="" Id="3J_FBcqGAqACBAUk" Leaf="false" MustIsolate="false" Name="" PmAuthor="Amina" PmCreateDateTime="2016-03-23T00:23:34.075" PmLastModified="2016-03-23T00:27:56.473" QualityScore="-1" UserIDLastNumericValue="0" Visibility="Unspecified">
					<FromSimpleRelationships>
						<ControlFlow Idref="RSolBcqGAqACBAW0" Name="Nije rezervisao"/>
						<ControlFlow Idref="XgKlBcqGAqACBAXb" Name="Rezervisao"/>
					</FromSimpleRelationships>
					<ToSimpleRelationships>
						<ControlFlow Idref="jmwlBcqGAqACBAWr" Name=""/>
					</ToSimpleRelationships>
					<MasterView>
						<MergeNode Idref="3J_FBcqGAqACBAUj" Name=""/>
					</MasterView>
				</MergeNode>
				<ActivityAction Documentation_plain="" Id="DdElBcqGAqACBAW8" Leaf="false" MustIsolate="false" Name="Dodjela korisnicke sifre i kljuca" PmAuthor="Amina" PmCreateDateTime="2016-03-23T00:24:11.568" PmLastModified="2016-03-23T00:37:57.029" QualityScore="-1" UserIDLastNumericValue="0" Visibility="Unspecified">
					<FromSimpleRelationships>
						<Dependency Idref="oCQ1BcqGAqACBAad" Name=""/>
					</FromSimpleRelationships>
					<ToSimpleRelationships>
						<ControlFlow Idref="XgKlBcqGAqACBAXb" Name="Rezervisao"/>
					</ToSimpleRelationships>
					<MasterView>
						<ActivityAction Idref="DdElBcqGAqACBAW7" Name="Dodjela korisnicke sifre i kljuca"/>
					</MasterView>
				</ActivityAction>
				<FlowFinalNode Documentation_plain="" Id="SFsVBcqGAqACBAZO" Leaf="false" MustIsolate="false" Name="" PmAuthor="Amina" PmCreateDateTime="2016-03-23T00:28:53.778" PmLastModified="2016-03-23T00:37:57.026" QualityScore="-1" UserIDLastNumericValue="0" Visibility="Unspecified">
					<ToSimpleRelationships>
						<ControlFlow Idref="0YiVBcqGAqACBAZX" Name=""/>
					</ToSimpleRelationships>
					<MasterView>
						<FlowFinalNode Idref="SFsVBcqGAqACBAZN" Name=""/>
					</MasterView>
				</FlowFinalNode>
				<ActivityAction Documentation_plain="" Id="diO1BcqGAqACBAav" Leaf="false" MustIsolate="false" Name="Dodatni zahtjevi putem aplikacije" PmAuthor="Amina" PmCreateDateTime="2016-03-23T00:34:15.918" PmLastModified="2016-03-23T00:37:57.029" QualityScore="-1" UserIDLastNumericValue="0" Visibility="Unspecified">
					<FromSimpleRelationships>
						<Dependency Idref="7qUNBcqGAqACBAcB" Name=""/>
					</FromSimpleRelationships>
					<ToSimpleRelationships>
						<Dependency Idref="8PD1BcqGAqACBAbU" Name=""/>
					</ToSimpleRelationships>
					<MasterView>
						<ActivityAction Idref="diO1BcqGAqACBAau" Name="Dodatni zahtjevi putem aplikacije"/>
					</MasterView>
				</ActivityAction>
				<ActivityAction Documentation_plain="" Id="ciyNBcqGAqACBAcQ" Leaf="false" MustIsolate="false" Name="Izvrsavanje zahtjeva " PmAuthor="Amina" PmCreateDateTime="2016-03-23T00:38:01.166" PmLastModified="2016-03-23T00:44:43.581" QualityScore="-1" UserIDLastNumericValue="0" Visibility="Unspecified">
					<FromSimpleRelationships>
						<ControlFlow Idref="70dNBcqGAqACBAcx" Name=""/>
					</FromSimpleRelationships>
					<ToSimpleRelationships>
						<Dependency Idref="rWxNBcqGAqACBAcf" Name=""/>
					</ToSimpleRelationships>
					<MasterView>
						<ActivityAction Idref="ciyNBcqGAqACBAcP" Name="Izvrsavanje zahtjeva "/>
					</MasterView>
				</ActivityAction>
				<ActivityFinalNode Documentation_plain="" Id="IY1NBcqGAqACBAco" Leaf="false" MustIsolate="false" Name="" PmAuthor="Amina" PmCreateDateTime="2016-03-23T00:39:38.756" PmLastModified="2016-03-23T00:44:43.584" QualityScore="-1" UserIDLastNumericValue="0" Visibility="Unspecified">
					<ToSimpleRelationships>
						<ControlFlow Idref="70dNBcqGAqACBAcx" Name=""/>
					</ToSimpleRelationships>
					<MasterView>
						<ActivityFinalNode Idref="wY1NBcqGAqACBAcn" Name=""/>
					</MasterView>
				</ActivityFinalNode>
			</ModelChildren>
		</ActivitySwimlane2>
		<ModelRelationshipContainer Documentation_plain="" Id="vp_lBcqGAqACBAY." Name="relationships" PmAuthor="Amina" PmCreateDateTime="2016-03-23T00:27:56.285" PmLastModified="2016-03-23T00:37:57.025" QualityScore="-1" UserIDLastNumericValue="0">
			<ModelChildren>
				<ModelRelationshipContainer Documentation_plain="" Id="25_lBcqGAqACBAY_" Name="ControlFlow" PmAuthor="Amina" PmCreateDateTime="2016-03-23T00:27:56.379" PmLastModified="2016-03-23T00:44:43.583" QualityScore="-1" UserIDLastNumericValue="0">
					<ModelChildren>
						<ControlFlow Documentation_plain="" From="szuFBcqGAqACBATP" Guard="" Id="jmwlBcqGAqACBAWr" Leaf="false" PmAuthor="Amina" PmCreateDateTime="2016-03-23T00:23:49.745" PmLastModified="2016-03-23T00:27:56.473" QualityScore="-1" To="3J_FBcqGAqACBAUk" UserIDLastNumericValue="0" Visibility="Unspecified" Weight="">
							<MasterView>
								<ControlFlow Idref="e2wlBcqGAqACBAWs"/>
							</MasterView>
						</ControlFlow>
						<ControlFlow Documentation_plain="" From="3J_FBcqGAqACBAUk" Guard="" Id="RSolBcqGAqACBAW0" Leaf="false" Name="Nije rezervisao" PmAuthor="Amina" PmCreateDateTime="2016-03-23T00:23:57.474" PmLastModified="2016-03-23T00:27:56.473" QualityScore="-1" To="KMzFBcqGAqACBAUC" UserIDLastNumericValue="0" Visibility="Unspecified" Weight="">
							<MasterView>
								<ControlFlow Idref="8KolBcqGAqACBAW1" Name="Nije rezervisao"/>
							</MasterView>
						</ControlFlow>
						<ControlFlow Documentation_plain="" From="3J_FBcqGAqACBAUk" Guard="" Id="XgKlBcqGAqACBAXb" Leaf="false" Name="Rezervisao" PmAuthor="Amina" PmCreateDateTime="2016-03-23T00:24:57.850" PmLastModified="2016-03-23T00:27:56.473" QualityScore="-1" To="DdElBcqGAqACBAW8" UserIDLastNumericValue="0" Visibility="Unspecified" Weight="">
							<MasterView>
								<ControlFlow Idref="FwKlBcqGAqACBAXc" Name="Rezervisao"/>
							</MasterView>
						</ControlFlow>
						<ControlFlow Documentation_plain="" From="BNBFBcqGAqACBATZ" Guard="" Id="S03lBcqGAqACBAY0" Leaf="false" PmAuthor="Amina" PmCreateDateTime="2016-03-23T00:27:38.194" PmLastModified="2016-03-23T00:27:56.473" QualityScore="-1" To="szuFBcqGAqACBATP" UserIDLastNumericValue="0" Visibility="Unspecified" Weight="">
							<MasterView>
								<ControlFlow Idref="8s3lBcqGAqACBAY1"/>
							</MasterView>
						</ControlFlow>
						<ControlFlow Documentation_plain="" From="KMzFBcqGAqACBAUC" Guard="" Id="0YiVBcqGAqACBAZX" Leaf="false" PmAuthor="Amina" PmCreateDateTime="2016-03-23T00:29:07.979" PmLastModified="2016-03-23T00:37:57.023" QualityScore="-1" To="SFsVBcqGAqACBAZO" UserIDLastNumericValue="0" Visibility="Unspecified" Weight="">
							<MasterView>
								<ControlFlow Idref="iEiVBcqGAqACBAZY"/>
							</MasterView>
						</ControlFlow>
						<ControlFlow Documentation_plain="" From="ciyNBcqGAqACBAcQ" Guard="" Id="70dNBcqGAqACBAcx" Leaf="false" PmAuthor="Amina" PmCreateDateTime="2016-03-23T00:39:51.415" PmLastModified="2016-03-23T00:44:43.581" QualityScore="-1" To="IY1NBcqGAqACBAco" UserIDLastNumericValue="0" Visibility="Unspecified" Weight="">
							<MasterView>
								<ControlFlow Idref="OsdNBcqGAqACBAcy"/>
							</MasterView>
						</ControlFlow>
					</ModelChildren>
				</ModelRelationshipContainer>
				<ModelRelationshipContainer Documentation_plain="" Id="DcSNBcqGAqACBAcK" Name="Dependency" PmAuthor="Amina" PmCreateDateTime="2016-03-23T00:37:56.912" PmLastModified="2016-03-23T00:44:43.584" QualityScore="-1" UserIDLastNumericValue="0">
					<ModelChildren>
						<Dependency Documentation_plain="" From="DdElBcqGAqACBAW8" Id="oCQ1BcqGAqACBAad" PmAuthor="Amina" PmCreateDateTime="2016-03-23T00:32:29.317" PmLastModified="2016-03-23T00:37:57.028" QualityScore="-1" To="pcTVBcqGAqACBAaF" UserIDLastNumericValue="0" Visibility="Unspecified">
							<MasterView>
								<Dependency Idref="TiQ1BcqGAqACBAae"/>
							</MasterView>
						</Dependency>
						<Dependency Documentation_plain="" From="pcTVBcqGAqACBAaF" Id="8PD1BcqGAqACBAbU" PmAuthor="Amina" PmCreateDateTime="2016-03-23T00:35:40.559" PmLastModified="2016-03-23T00:37:57.027" QualityScore="-1" To="diO1BcqGAqACBAav" UserIDLastNumericValue="0" Visibility="Unspecified">
							<MasterView>
								<Dependency Idref="hfD1BcqGAqACBAbV"/>
							</MasterView>
						</Dependency>
						<Dependency Documentation_plain="" From="diO1BcqGAqACBAav" Id="7qUNBcqGAqACBAcB" PmAuthor="Amina" PmCreateDateTime="2016-03-23T00:37:24.599" PmLastModified="2016-03-23T00:37:57.024" QualityScore="-1" To="MFgNBcqGAqACBAb4" UserIDLastNumericValue="0" Visibility="Unspecified">
							<MasterView>
								<Dependency Idref="kmUNBcqGAqACBAcC"/>
							</MasterView>
						</Dependency>
						<Dependency Documentation_plain="" From="vwEFBcqGAqACBASQ" Id="URBNBcqGAqACBAcZ" PmAuthor="Amina" PmCreateDateTime="2016-03-23T00:38:55.498" PmLastModified="2016-03-23T00:44:43.579" QualityScore="-1" To="MFgNBcqGAqACBAb4" UserIDLastNumericValue="0" Visibility="Unspecified">
							<MasterView>
								<Dependency Idref="OFBNBcqGAqACBAca"/>
							</MasterView>
						</Dependency>
						<Dependency Documentation_plain="" From="MFgNBcqGAqACBAb4" Id="rWxNBcqGAqACBAcf" PmAuthor="Amina" PmCreateDateTime="2016-03-23T00:39:07.317" PmLastModified="2016-03-23T00:44:43.578" QualityScore="-1" To="ciyNBcqGAqACBAcQ" UserIDLastNumericValue="0" Visibility="Unspecified">
							<MasterView>
								<Dependency Idref="5OxNBcqGAqACBAcg"/>
							</MasterView>
						</Dependency>
					</ModelChildren>
				</ModelRelationshipContainer>
			</ModelChildren>
		</ModelRelationshipContainer>
		<ObjectNode ControlType="false" Documentation_plain="" Id="pcTVBcqGAqACBAaF" Leaf="false" MustIsolate="false" Name="Kljuc" OrderingKind="FIFO" PmAuthor="Amina" PmCreateDateTime="2016-03-23T00:31:23.685" PmLastModified="2016-03-23T00:37:57.028" QualityScore="-1" TypeModifier="" UpperBound="" UserIDLastNumericValue="0" Visibility="Unspecified">
			<FromSimpleRelationships>
				<Dependency Idref="8PD1BcqGAqACBAbU" Name=""/>
			</FromSimpleRelationships>
			<ToSimpleRelationships>
				<Dependency Idref="oCQ1BcqGAqACBAad" Name=""/>
			</ToSimpleRelationships>
			<MasterView>
				<ObjectNode Idref="pcTVBcqGAqACBAaE" Name="Kljuc"/>
			</MasterView>
		</ObjectNode>
		<ObjectNode ControlType="false" Documentation_plain="" Id="MFgNBcqGAqACBAb4" Leaf="false" MustIsolate="false" Name="Zahtjevi" OrderingKind="FIFO" PmAuthor="Amina" PmCreateDateTime="2016-03-23T00:36:48.908" PmLastModified="2016-03-23T00:44:43.578" QualityScore="-1" TypeModifier="" UpperBound="" UserIDLastNumericValue="0" Visibility="Unspecified">
			<FromSimpleRelationships>
				<Dependency Idref="rWxNBcqGAqACBAcf" Name=""/>
			</FromSimpleRelationships>
			<ToSimpleRelationships>
				<Dependency Idref="7qUNBcqGAqACBAcB" Name=""/>
				<Dependency Idref="URBNBcqGAqACBAcZ" Name=""/>
			</ToSimpleRelationships>
			<MasterView>
				<ObjectNode Idref="MFgNBcqGAqACBAb3" Name="Zahtjevi"/>
			</MasterView>
		</ObjectNode>
	</Models>
	<Diagrams>
		<ActivityDiagram AlignToGrid="false" AutoFitShapesSize="false" ConnectionPointStyle="0" ConnectorLabelOrientation="0" ConnectorLineJumps="0" ConnectorLineJumpsSize="0" ConnectorStyle="1" ControlFlowDisplayOption="0" DecisionMergeNodeConnectionPointStyle="1" DiagramBackground="rgb(255, 255, 255)" Editable="true" FollowDiagramParentElement="true" GridColor="rgb(192, 192, 192)" GridHeight="10" GridVisible="false" GridWidth="10" Height="0" HideEmptyTaggedValues="false" Id="1eQWqcqGAqACBAOF" ImageHeight="0" ImageScale="1.0" ImageWidth="0" InitializeDiagramForCreate="true" Maximized="false" ModelElementNameAlignment="4" Name="Dijagram aktivnosti" ObjectNodeShowInStates="2" ObjectNodeShowType="true" PaintConnectorThroughLabel="1" PmAuthor="Amina" PmCreateDateTime="2016-03-20T20:02:24.427" PmLastModified="2016-03-23T00:44:43.584" PointConnectorEndToCompartmentMember="true" QualityScore="-1" RequestValidateSnapToGrid="false" ShapePresentationOption="0" ShowActionCallBehaviorOption="1" ShowActivityEdgeWeight="true" ShowActivityStateNodeCaption="65535" ShowAllocatedFrom="true" ShowAllocatedTo="true" ShowConnectorName="0" ShowConstraints="false" ShowDefaultPackage="false" ShowPMAuthor="false" ShowPMDifficulty="false" ShowPMDiscipline="false" ShowPMIteration="false" ShowPMPhase="false" ShowPMPriority="false" ShowPMStatus="false" ShowPMVersion="false" ShowPackageNameStyle="0" ShowPartitionHeader="0" ShowShapeStereotypeIconName="true" ShowStereotypes="true" ShowTaggedValues="false" TeamworkCreateDateTime="0" TrimmedHeight="0" TrimmedWidth="0" Width="0" X="0" Y="0" ZoomRatio="1.0" _alwaysShowReferenceAndSubdiagramResource="true" _globalPaletteOption="true" documentation="&lt;html&gt;&#13;&#10;  &lt;head&gt;&#13;&#10;    &lt;style type=&quot;text/css&quot;&gt;&#10;      &lt;!--&#10;        body { color: #000000; font-family: Dialog; font-size: 11px }&#10;      --&gt;&#10;    &lt;/style&gt;&#13;&#10;    &#13;&#10;  &lt;/head&gt;&#13;&#10;  &lt;body&gt;&#13;&#10;    &lt;p&gt;&#13;&#10;      &#13;&#10;    &lt;/p&gt;&#13;&#10;  &lt;/body&gt;&#13;&#10;&lt;/html&gt;&#13;&#10;">
			<Shapes>
				<ObjectNode Background="rgb(122, 207, 245)" ConnectToPoint="true" ConnectionPointType="2" Foreground="rgb(0, 0, 0)" Height="512" Id="YCp2qcqGAqACBAPu" MetaModelElement="UCp2qcqGAqACBAPv" Model="UCp2qcqGAqACBAPv" ModelElementNameAlignment="9" Name="" OverrideAppearanceWithStereotypeIcon="true" ParentConnectorDTheta="0.0" ParentConnectorHeaderLength="40" ParentConnectorLineLength="10" PresentationOption="4" PrimitiveShapeType="0" RequestDefaultSize="false" RequestFitSize="false" RequestFitSizeFromCenter="false" RequestResetCaption="false" RequestResetCaptionFitWidth="false" RequestResetCaptionSize="false" RequestSetSizeOption="0" Selectable="true" ShowAllocatedFrom="0" ShowAllocatedTo="0" ShowConstraints="false" ShowInStates="0" ShowStereotypeIconName="0" Width="833" X="126" Y="10" ZOrder="0">
					<ElementFont Color="rgb(0, 0, 0)" Name="Dialog" Size="11" Style="0"/>
					<Line Cap="0" Color="rgb(0, 0, 0)" Transparency="0" Weight="1.0">
						<Stroke/>
					</Line>
					<Caption Height="513" InternalHeight="-2147483648" InternalWidth="-2147483648" Side="FreeMove" Visible="true" Width="833" X="0" Y="0"/>
					<FillColor Color="rgb(122, 207, 245)" Style="1" Transparency="0" Type="1"/>
				</ObjectNode>
			</Shapes>
		</ActivityDiagram>
		<ActivityDiagram AlignToGrid="false" AutoFitShapesSize="false" ConnectionPointStyle="0" ConnectorLabelOrientation="0" ConnectorLineJumps="0" ConnectorLineJumpsSize="0" ConnectorStyle="1" ControlFlowDisplayOption="0" DecisionMergeNodeConnectionPointStyle="1" DiagramBackground="rgb(255, 255, 255)" Editable="true" FollowDiagramParentElement="true" GridColor="rgb(192, 192, 192)" GridHeight="10" GridVisible="false" GridWidth="10" Height="574" HideEmptyTaggedValues="false" Id="ybQFBcqGAqACBAR2" ImageHeight="0" ImageScale="1.0" ImageWidth="0" InitializeDiagramForCreate="true" Maximized="true" ModelElementNameAlignment="4" Name="Evidencija i registracija gostiju hotela" ObjectNodeShowInStates="2" ObjectNodeShowType="true" PaintConnectorThroughLabel="1" PmAuthor="Amina" PmCreateDateTime="2016-03-23T00:19:25.331" PmLastModified="2016-03-23T22:15:45.443" PointConnectorEndToCompartmentMember="true" QualityScore="-1" RequestValidateSnapToGrid="false" ShapePresentationOption="0" ShowActionCallBehaviorOption="1" ShowActivityEdgeWeight="true" ShowActivityStateNodeCaption="65535" ShowAllocatedFrom="true" ShowAllocatedTo="true" ShowConnectorName="0" ShowConstraints="false" ShowDefaultPackage="false" ShowPMAuthor="false" ShowPMDifficulty="false" ShowPMDiscipline="false" ShowPMIteration="false" ShowPMPhase="false" ShowPMPriority="false" ShowPMStatus="false" ShowPMVersion="false" ShowPackageNameStyle="0" ShowPartitionHeader="0" ShowShapeStereotypeIconName="true" ShowStereotypes="true" ShowTaggedValues="false" TeamworkCreateDateTime="0" TrimmedHeight="0" TrimmedWidth="0" Width="1364" X="0" Y="0" ZoomRatio="1.0" _alwaysShowReferenceAndSubdiagramResource="true" _globalPaletteOption="true" documentation="&lt;html&gt;&#13;&#10;  &lt;head&gt;&#13;&#10;    &lt;style type=&quot;text/css&quot;&gt;&#10;      &lt;!--&#10;        body { color: #000000; font-family: Dialog; font-size: 11px }&#10;      --&gt;&#10;    &lt;/style&gt;&#13;&#10;    &#13;&#10;  &lt;/head&gt;&#13;&#10;  &lt;body&gt;&#13;&#10;    &lt;p&gt;&#13;&#10;      &#13;&#10;    &lt;/p&gt;&#13;&#10;  &lt;/body&gt;&#13;&#10;&lt;/html&gt;&#13;&#10;">
			<Connectors>
				<ControlFlow Background="rgb(122, 207, 245)" ConnectorLabelOrientation="4" ConnectorLineJumps="4" ConnectorStyle="Follow Diagram" CreatorDiagramType="ActivityDiagram" Foreground="rgb(0, 0, 0)" From="vTuFBcqGAqACBATO" FromConnectType="0" FromPinType="1" FromShapeXDiff="0" FromShapeYDiff="0" Height="121" Id="e2wlBcqGAqACBAWs" MetaModelElement="jmwlBcqGAqACBAWr" Model="jmwlBcqGAqACBAWr" PaintThroughLabel="2" RequestRebuild="false" RequestResetCaption="false" RequestResetCaptionFitWidth="false" RequestResetCaptionSize="false" Selectable="true" ShowConnectorName="2" To="3J_FBcqGAqACBAUj" ToConnectType="0" ToPinType="1" ToShapeXDiff="0" ToShapeYDiff="0" UseFromShapeCenter="true" UseToShapeCenter="true" Width="100" X="189" Y="166" ZOrder="2">
					<ElementFont Color="rgb(0, 0, 0)" Name="Dialog" Size="11" Style="0"/>
					<Line Cap="0" Color="rgb(0, 0, 0)" Transparency="0" Weight="1.0">
						<Stroke/>
					</Line>
					<Caption Height="0" InternalHeight="-2147483648" InternalWidth="-2147483648" Side="None" Visible="true" Width="20" X="239" Y="226"/>
					<Points>
						<Point X="239.0" Y="216.0"/>
						<Point X="239.0" Y="237.0"/>
					</Points>
				</ControlFlow>
				<ControlFlow Background="rgb(122, 207, 245)" ConnectorLabelOrientation="4" ConnectorLineJumps="4" ConnectorStyle="Follow Diagram" CreatorDiagramType="ActivityDiagram" Foreground="rgb(0, 0, 0)" From="3J_FBcqGAqACBAUj" FromConnectType="0" FromPinType="1" FromShapeXDiff="0" FromShapeYDiff="0" Height="127" Id="8KolBcqGAqACBAW1" MetaModelElement="RSolBcqGAqACBAW0" Model="RSolBcqGAqACBAW0" Name="Nije rezervisao" PaintThroughLabel="2" RequestRebuild="false" RequestResetCaption="false" RequestResetCaptionFitWidth="false" RequestResetCaptionSize="false" Selectable="true" ShowConnectorName="2" To="KMzFBcqGAqACBAUB" ToConnectType="0" ToPinType="1" ToShapeXDiff="0" ToShapeYDiff="0" UseFromShapeCenter="true" UseToShapeCenter="true" Width="133" X="150" Y="204" ZOrder="4">
					<ElementFont Color="rgb(0, 0, 0)" Name="Dialog" Size="11" Style="0"/>
					<Line Cap="0" Color="rgb(0, 0, 0)" Transparency="0" Weight="1.0">
						<Stroke/>
					</Line>
					<Caption Height="15" InternalHeight="-2147483648" InternalWidth="-2147483648" Side="None" Visible="true" Width="93" X="124" Y="248"/>
					<Points>
						<Point X="233.0" Y="254.0"/>
						<Point X="200.0" Y="281.0"/>
					</Points>
				</ControlFlow>
				<ControlFlow Background="rgb(122, 207, 245)" ConnectorLabelOrientation="4" ConnectorLineJumps="4" ConnectorStyle="Follow Diagram" CreatorDiagramType="ActivityDiagram" Foreground="rgb(0, 0, 0)" From="3J_FBcqGAqACBAUj" FromConnectType="0" FromPinType="1" FromShapeXDiff="0" FromShapeYDiff="0" Height="120" Id="FwKlBcqGAqACBAXc" MetaModelElement="XgKlBcqGAqACBAXb" Model="XgKlBcqGAqACBAXb" Name="Rezervisao" PaintThroughLabel="2" RequestRebuild="false" RequestResetCaption="false" RequestResetCaptionFitWidth="false" RequestResetCaptionSize="false" Selectable="true" ShowConnectorName="2" To="DdElBcqGAqACBAW7" ToConnectType="0" ToPinType="1" ToShapeXDiff="0" ToShapeYDiff="0" UseFromShapeCenter="true" UseToShapeCenter="true" Width="151" X="195" Y="202" ZOrder="6">
					<ElementFont Color="rgb(0, 0, 0)" Name="Dialog" Size="11" Style="0"/>
					<Line Cap="0" Color="rgb(0, 0, 0)" Transparency="0" Weight="1.0">
						<Stroke/>
					</Line>
					<Caption Height="15" InternalHeight="-2147483648" InternalWidth="-2147483648" Side="None" Visible="true" Width="76" X="264" Y="238"/>
					<Points>
						<Point X="245.0" Y="252.0"/>
						<Point X="296.0" Y="272.0"/>
					</Points>
				</ControlFlow>
				<ControlFlow Background="rgb(122, 207, 245)" ConnectorLabelOrientation="4" ConnectorLineJumps="4" ConnectorStyle="Follow Diagram" CreatorDiagramType="ActivityDiagram" Foreground="rgb(0, 0, 0)" From="BNBFBcqGAqACBATY" FromConnectType="0" FromPinType="1" FromShapeXDiff="0" FromShapeYDiff="0" Height="139" Id="8s3lBcqGAqACBAY1" MetaModelElement="S03lBcqGAqACBAY0" Model="S03lBcqGAqACBAY0" PaintThroughLabel="2" RequestRebuild="false" RequestResetCaption="false" RequestResetCaptionFitWidth="false" RequestResetCaptionSize="false" Selectable="true" ShowConnectorName="2" To="vTuFBcqGAqACBATO" ToConnectType="0" ToPinType="1" ToShapeXDiff="0" ToShapeYDiff="0" UseFromShapeCenter="true" UseToShapeCenter="true" Width="100" X="188" Y="69" ZOrder="8">
					<ElementFont Color="rgb(0, 0, 0)" Name="Dialog" Size="11" Style="0"/>
					<Line Cap="0" Color="rgb(0, 0, 0)" Transparency="0" Weight="1.0">
						<Stroke/>
					</Line>
					<Caption Height="0" InternalHeight="-2147483648" InternalWidth="-2147483648" Side="None" Visible="true" Width="20" X="238" Y="138"/>
					<Points>
						<Point X="238.0" Y="119.0"/>
						<Point X="238.0" Y="158.0"/>
					</Points>
				</ControlFlow>
				<ControlFlow Background="rgb(122, 207, 245)" ConnectorLabelOrientation="4" ConnectorLineJumps="4" ConnectorStyle="Follow Diagram" CreatorDiagramType="ActivityDiagram" Foreground="rgb(0, 0, 0)" From="KMzFBcqGAqACBAUB" FromConnectType="0" FromPinType="1" FromShapeXDiff="0" FromShapeYDiff="0" Height="162" Id="iEiVBcqGAqACBAZY" MetaModelElement="0YiVBcqGAqACBAZX" Model="0YiVBcqGAqACBAZX" PaintThroughLabel="2" RequestRebuild="false" RequestResetCaption="false" RequestResetCaptionFitWidth="false" RequestResetCaptionSize="false" Selectable="true" ShowConnectorName="2" To="SFsVBcqGAqACBAZN" ToConnectType="0" ToPinType="1" ToShapeXDiff="0" ToShapeYDiff="0" UseFromShapeCenter="true" UseToShapeCenter="true" Width="101" X="98" Y="282" ZOrder="10">
					<ElementFont Color="rgb(0, 0, 0)" Name="Dialog" Size="11" Style="0"/>
					<Line Cap="0" Color="rgb(0, 0, 0)" Transparency="0" Weight="1.0">
						<Stroke/>
					</Line>
					<Caption Height="0" InternalHeight="-2147483648" InternalWidth="-2147483648" Side="None" Visible="true" Width="20" X="148" Y="363"/>
					<Points>
						<Point X="148.0" Y="332.0"/>
						<Point X="149.0" Y="394.0"/>
					</Points>
				</ControlFlow>
				<Dependency Background="rgb(122, 207, 245)" ConnectorLabelOrientation="4" ConnectorLineJumps="4" ConnectorStyle="Follow Diagram" CreatorDiagramType="UseCaseDiagram" Foreground="rgb(0, 0, 0)" From="DdElBcqGAqACBAW7" FromConnectType="0" FromPinType="1" FromShapeXDiff="0" FromShapeYDiff="0" Height="100" Id="TiQ1BcqGAqACBAae" MetaModelElement="oCQ1BcqGAqACBAad" Model="oCQ1BcqGAqACBAad" PaintThroughLabel="2" RequestRebuild="false" RequestResetCaption="false" RequestResetCaptionFitWidth="false" RequestResetCaptionSize="false" Selectable="true" ShowConnectorName="2" To="pcTVBcqGAqACBAaE" ToConnectType="0" ToPinType="1" ToShapeXDiff="0" ToShapeYDiff="0" UseFromShapeCenter="true" UseToShapeCenter="true" Width="131" X="329" Y="244" ZOrder="12">
					<ElementFont Color="rgb(0, 0, 0)" Name="Dialog" Size="11" Style="0"/>
					<Line Cap="0" Color="rgb(0, 0, 0)" Transparency="0" Weight="1.0">
						<Stroke/>
					</Line>
					<Caption Height="0" InternalHeight="-2147483648" InternalWidth="-2147483648" Side="None" Visible="true" Width="20" X="384" Y="294"/>
					<Points>
						<Point X="379.0" Y="294.0"/>
						<Point X="410.0" Y="294.0"/>
					</Points>
				</Dependency>
				<Dependency Background="rgb(122, 207, 245)" ConnectorLabelOrientation="4" ConnectorLineJumps="4" ConnectorStyle="Follow Diagram" CreatorDiagramType="UseCaseDiagram" Foreground="rgb(0, 0, 0)" From="pcTVBcqGAqACBAaE" FromConnectType="0" FromPinType="1" FromShapeXDiff="0" FromShapeYDiff="0" Height="100" Id="hfD1BcqGAqACBAbV" MetaModelElement="8PD1BcqGAqACBAbU" Model="8PD1BcqGAqACBAbU" PaintThroughLabel="2" RequestRebuild="false" RequestResetCaption="false" RequestResetCaptionFitWidth="false" RequestResetCaptionSize="false" Selectable="true" ShowConnectorName="2" To="diO1BcqGAqACBAau" ToConnectType="0" ToPinType="1" ToShapeXDiff="0" ToShapeYDiff="0" UseFromShapeCenter="true" UseToShapeCenter="true" Width="132" X="442" Y="247" ZOrder="14">
					<ElementFont Color="rgb(0, 0, 0)" Name="Dialog" Size="11" Style="0"/>
					<Line Cap="0" Color="rgb(0, 0, 0)" Transparency="0" Weight="1.0">
						<Stroke/>
					</Line>
					<Caption Height="0" InternalHeight="-2147483648" InternalWidth="-2147483648" Side="None" Visible="true" Width="20" X="498" Y="297"/>
					<Points>
						<Point X="492.0" Y="297.0"/>
						<Point X="524.0" Y="297.0"/>
					</Points>
				</Dependency>
				<Dependency Background="rgb(122, 207, 245)" ConnectorLabelOrientation="4" ConnectorLineJumps="4" ConnectorStyle="Follow Diagram" CreatorDiagramType="UseCaseDiagram" Foreground="rgb(0, 0, 0)" From="diO1BcqGAqACBAau" FromConnectType="0" FromPinType="1" FromShapeXDiff="0" FromShapeYDiff="0" Height="100" Id="kmUNBcqGAqACBAcC" MetaModelElement="7qUNBcqGAqACBAcB" Model="7qUNBcqGAqACBAcB" PaintThroughLabel="2" RequestRebuild="false" RequestResetCaption="false" RequestResetCaptionFitWidth="false" RequestResetCaptionSize="false" Selectable="true" ShowConnectorName="2" To="MFgNBcqGAqACBAb3" ToConnectType="0" ToPinType="1" ToShapeXDiff="0" ToShapeYDiff="0" UseFromShapeCenter="true" UseToShapeCenter="true" Width="139" X="589" Y="242" ZOrder="16">
					<ElementFont Color="rgb(0, 0, 0)" Name="Dialog" Size="11" Style="0"/>
					<Line Cap="0" Color="rgb(0, 0, 0)" Transparency="0" Weight="1.0">
						<Stroke/>
					</Line>
					<Caption Height="0" InternalHeight="-2147483648" InternalWidth="-2147483648" Side="None" Visible="true" Width="20" X="648" Y="292"/>
					<Points>
						<Point X="639.0" Y="292.0"/>
						<Point X="678.0" Y="292.0"/>
					</Points>
				</Dependency>
				<Dependency Background="rgb(122, 207, 245)" ConnectorLabelOrientation="4" ConnectorLineJumps="4" ConnectorStyle="Follow Diagram" CreatorDiagramType="UseCaseDiagram" Foreground="rgb(0, 0, 0)" From="vwEFBcqGAqACBASP" FromConnectType="0" FromPinType="1" FromShapeXDiff="0" FromShapeYDiff="0" Height="100" Id="OFBNBcqGAqACBAca" MetaModelElement="URBNBcqGAqACBAcZ" Model="URBNBcqGAqACBAcZ" PaintThroughLabel="2" RequestRebuild="false" RequestResetCaption="false" RequestResetCaptionFitWidth="false" RequestResetCaptionSize="false" Selectable="true" ShowConnectorName="2" To="MFgNBcqGAqACBAb3" ToConnectType="0" ToPinType="1" ToShapeXDiff="0" ToShapeYDiff="0" UseFromShapeCenter="true" UseToShapeCenter="true" Width="100" X="710" Y="235" ZOrder="18">
					<ElementFont Color="rgb(0, 0, 0)" Name="Dialog" Size="11" Style="0"/>
					<Line Cap="0" Color="rgb(0, 0, 0)" Transparency="0" Weight="1.0">
						<Stroke/>
					</Line>
					<Caption Height="0" InternalHeight="-2147483648" InternalWidth="-2147483648" Side="None" Visible="true" Width="20" X="750" Y="285"/>
					<Points>
						<Point X="760.0" Y="285.0"/>
						<Point X="760.0" Y="285.0"/>
					</Points>
				</Dependency>
				<Dependency Background="rgb(122, 207, 245)" ConnectorLabelOrientation="4" ConnectorLineJumps="4" ConnectorStyle="Follow Diagram" CreatorDiagramType="UseCaseDiagram" Foreground="rgb(0, 0, 0)" From="MFgNBcqGAqACBAb3" FromConnectType="0" FromPinType="1" FromShapeXDiff="0" FromShapeYDiff="0" Height="100" Id="5OxNBcqGAqACBAcg" MetaModelElement="rWxNBcqGAqACBAcf" Model="rWxNBcqGAqACBAcf" PaintThroughLabel="2" RequestRebuild="false" RequestResetCaption="false" RequestResetCaptionFitWidth="false" RequestResetCaptionSize="false" Selectable="true" ShowConnectorName="2" To="ciyNBcqGAqACBAcP" ToConnectType="0" ToPinType="1" ToShapeXDiff="0" ToShapeYDiff="0" UseFromShapeCenter="true" UseToShapeCenter="true" Width="180" X="714" Y="228" ZOrder="20">
					<ElementFont Color="rgb(0, 0, 0)" Name="Dialog" Size="11" Style="0"/>
					<Line Cap="0" Color="rgb(0, 0, 0)" Transparency="0" Weight="1.0">
						<Stroke/>
					</Line>
					<Caption Height="0" InternalHeight="-2147483648" InternalWidth="-2147483648" Side="None" Visible="true" Width="20" X="794" Y="278"/>
					<Points>
						<Point X="764.0" Y="278.0"/>
						<Point X="844.0" Y="278.0"/>
					</Points>
				</Dependency>
				<ControlFlow Background="rgb(122, 207, 245)" ConnectorLabelOrientation="4" ConnectorLineJumps="4" ConnectorStyle="Follow Diagram" CreatorDiagramType="ActivityDiagram" Foreground="rgb(0, 0, 0)" From="ciyNBcqGAqACBAcP" FromConnectType="0" FromPinType="1" FromShapeXDiff="0" FromShapeYDiff="0" Height="148" Id="OsdNBcqGAqACBAcy" MetaModelElement="70dNBcqGAqACBAcx" Model="70dNBcqGAqACBAcx" PaintThroughLabel="2" RequestRebuild="false" RequestResetCaption="false" RequestResetCaptionFitWidth="false" RequestResetCaptionSize="false" Selectable="true" ShowConnectorName="2" To="wY1NBcqGAqACBAcn" ToConnectType="0" ToPinType="1" ToShapeXDiff="0" ToShapeYDiff="0" UseFromShapeCenter="true" UseToShapeCenter="true" Width="100" X="865" Y="269" ZOrder="22">
					<ElementFont Color="rgb(0, 0, 0)" Name="Dialog" Size="11" Style="0"/>
					<Line Cap="0" Color="rgb(0, 0, 0)" Transparency="0" Weight="1.0">
						<Stroke/>
					</Line>
					<Caption Height="0" InternalHeight="-2147483648" InternalWidth="-2147483648" Side="None" Visible="true" Width="20" X="915" Y="343"/>
					<Points>
						<Point X="915.0" Y="319.0"/>
						<Point X="915.0" Y="367.0"/>
					</Points>
				</ControlFlow>
			</Connectors>
			<Shapes>
				<ObjectNode Background="rgb(122, 207, 245)" ConnectToPoint="true" ConnectionPointType="2" Foreground="rgb(0, 0, 0)" Height="49" Id="MFgNBcqGAqACBAb3" MetaModelElement="MFgNBcqGAqACBAb4" Model="MFgNBcqGAqACBAb4" ModelElementNameAlignment="9" Name="Zahtjevi" OverrideAppearanceWithStereotypeIcon="true" ParentConnectorDTheta="0.0" ParentConnectorHeaderLength="40" ParentConnectorLineLength="10" PresentationOption="4" PrimitiveShapeType="0" RequestDefaultSize="false" RequestFitSize="false" RequestFitSizeFromCenter="false" RequestResetCaption="false" RequestResetCaptionFitWidth="false" RequestResetCaptionSize="false" RequestSetSizeOption="0" Selectable="true" ShowAllocatedFrom="0" ShowAllocatedTo="0" ShowConstraints="false" ShowInStates="0" ShowStereotypeIconName="0" Width="84" X="679" Y="270" ZOrder="4">
					<ElementFont Color="rgb(0, 0, 0)" Name="Dialog" Size="11" Style="0"/>
					<Line Cap="0" Color="rgb(0, 0, 0)" Transparency="0" Weight="1.0">
						<Stroke/>
					</Line>
					<Caption Height="15" InternalHeight="-2147483648" InternalWidth="-2147483648" Side="FreeMove" Visible="true" Width="84" X="0" Y="0"/>
					<FillColor Color="rgb(122, 207, 245)" Style="1" Transparency="0" Type="1"/>
				</ObjectNode>
				<ObjectNode Background="rgb(122, 207, 245)" ConnectToPoint="true" ConnectionPointType="2" Foreground="rgb(0, 0, 0)" Height="42" Id="pcTVBcqGAqACBAaE" MetaModelElement="pcTVBcqGAqACBAaF" Model="pcTVBcqGAqACBAaF" ModelElementNameAlignment="9" Name="Kljuc" OverrideAppearanceWithStereotypeIcon="true" ParentConnectorDTheta="0.0" ParentConnectorHeaderLength="40" ParentConnectorLineLength="10" PresentationOption="4" PrimitiveShapeType="0" RequestDefaultSize="false" RequestFitSize="false" RequestFitSizeFromCenter="false" RequestResetCaption="false" RequestResetCaptionFitWidth="false" RequestResetCaptionSize="false" RequestSetSizeOption="0" Selectable="true" ShowAllocatedFrom="0" ShowAllocatedTo="0" ShowConstraints="false" ShowInStates="0" ShowStereotypeIconName="0" Width="80" X="411" Y="277" ZOrder="8">
					<ElementFont Color="rgb(0, 0, 0)" Name="Dialog" Size="11" Style="0"/>
					<Line Cap="0" Color="rgb(0, 0, 0)" Transparency="0" Weight="1.0">
						<Stroke/>
					</Line>
					<Caption Height="15" InternalHeight="-2147483648" InternalWidth="-2147483648" Side="FreeMove" Visible="true" Width="80" X="0" Y="0"/>
					<FillColor Color="rgb(122, 207, 245)" Style="1" Transparency="0" Type="1"/>
				</ObjectNode>
				<ActivitySwimlane2 Background="rgb(122, 207, 245)" ConnectToPoint="true" ConnectionPointType="2" Foreground="rgb(0, 0, 0)" Height="383" Id="vwEFBcqGAqACBASP" MetaModelElement="vwEFBcqGAqACBASQ" Model="vwEFBcqGAqACBASQ" ModelElementNameAlignment="9" Name="Swimlane" OverrideAppearanceWithStereotypeIcon="true" ParentConnectorDTheta="0.0" ParentConnectorHeaderLength="40" ParentConnectorLineLength="10" PresentationOption="4" PrimitiveShapeType="0" RequestDefaultSize="false" RequestFitPartitionHeadersHeight="false" RequestFitSize="false" RequestFitSizeFromCenter="false" RequestResetCaption="false" RequestResetCaptionFitWidth="false" RequestResetCaptionSize="false" RequestSetSizeOption="0" Selectable="true" ShowAllocatedFrom="0" ShowAllocatedTo="0" ShowStereotypeIconName="0" ValidatePartitionsForConvert="false" Width="944" X="83" Y="70" ZOrder="35">
					<VerticalPartitionIds>
						<Value Value="UYEFBcqGAqACBASU"/>
						<Value Value="aEEFBcqGAqACBASa"/>
						<Value Value="WdqFBcqGAqACBATC"/>
					</VerticalPartitionIds>
					<CompartmentIds>
						<Value Value="4EEFBcqGAqACBASY"/>
						<Value Value="LkEFBcqGAqACBASe"/>
						<Value Value="MDqFBcqGAqACBATG"/>
					</CompartmentIds>
					<ElementFont Color="rgb(0, 0, 0)" Name="Dialog" Size="11" Style="0"/>
					<Line Cap="0" Color="rgb(0, 0, 0)" Transparency="0" Weight="2.0">
						<Stroke/>
					</Line>
					<Caption Height="383" InternalHeight="-2147483648" InternalWidth="-2147483648" Side="Invisible" Visible="false" Width="944" X="83" Y="70"/>
					<DiagramElementChildren>
						<ActivitySwimlane2Compartment Background="rgb(122, 207, 245)" ConnectToPoint="true" ConnectionPointType="2" Foreground="rgb(0, 0, 0)" Height="368" Id="MDqFBcqGAqACBATG" ModelElementNameAlignment="9" OverrideAppearanceWithStereotypeIcon="true" ParentConnectorDTheta="0.0" ParentConnectorHeaderLength="40" ParentConnectorLineLength="10" PresentationOption="4" PrimitiveShapeType="0" RequestDefaultSize="false" RequestFitSize="false" RequestFitSizeFromCenter="false" RequestResetCaption="false" RequestResetCaptionFitWidth="false" RequestResetCaptionSize="false" RequestSetSizeOption="0" Selectable="true" ShowAllocatedFrom="0" ShowAllocatedTo="0" ShowStereotypeIconName="0" VerticalPartitionId="WdqFBcqGAqACBATC" Width="318" X="709" Y="85" ZOrder="22">
							<ElementFont Color="rgb(0, 0, 0)" Name="Dialog" Size="11" Style="0"/>
							<Line Cap="0" Color="rgb(0, 0, 0)" Transparency="0" Weight="2.0">
								<Stroke/>
							</Line>
							<Caption Height="368" InternalHeight="-2147483648" InternalWidth="-2147483648" Side="Center" Visible="true" Width="318" X="0" Y="0"/>
							<DiagramElementChildren>
								<ActivityFinalNode Background="rgb(122, 207, 245)" ConnectToPoint="true" ConnectionPointType="1" CreatorDiagramType="ActivityDiagram" Foreground="rgb(0, 0, 0)" Height="27" Id="wY1NBcqGAqACBAcn" MetaModelElement="IY1NBcqGAqACBAco" Model="IY1NBcqGAqACBAco" ModelElementNameAlignment="9" Name="" OverrideAppearanceWithStereotypeIcon="true" ParentConnectorDTheta="0.0" ParentConnectorHeaderLength="40" ParentConnectorLineLength="10" PresentationOption="4" PrimitiveShapeType="0" RequestDefaultSize="false" RequestFitSize="false" RequestFitSizeFromCenter="false" RequestResetCaption="false" RequestResetCaptionFitWidth="false" RequestResetCaptionSize="false" RequestSetSizeOption="0" Selectable="true" ShowAllocatedFrom="0" ShowAllocatedTo="0" ShowStereotypeIconName="0" Width="29" X="900" Y="366" ZOrder="0">
									<ElementFont Color="rgb(0, 0, 0)" Name="Dialog" Size="11" Style="0"/>
									<Line Cap="0" Color="rgb(0, 0, 0)" Transparency="0" Weight="1.0">
										<Stroke/>
									</Line>
									<Caption Height="0" InternalHeight="-2147483648" InternalWidth="-2147483648" Side="None" Visible="true" Width="20" X="904" Y="393"/>
									<FillColor Color="rgb(0, 0, 0)" Style="1" Transparency="0" Type="1"/>
								</ActivityFinalNode>
								<ActivityAction Background="rgb(122, 207, 245)" ConnectToPoint="true" ConnectionPointType="2" Foreground="rgb(0, 0, 0)" Height="62" Id="ciyNBcqGAqACBAcP" MetaModelElement="ciyNBcqGAqACBAcQ" Model="ciyNBcqGAqACBAcQ" ModelElementNameAlignment="9" Name="Izvrsavanje zahtjeva " OverrideAppearanceWithStereotypeIcon="true" ParentConnectorDTheta="0.0" ParentConnectorHeaderLength="40" ParentConnectorLineLength="10" PresentationOption="4" PrimitiveShapeType="0" RequestDefaultSize="false" RequestFitSize="false" RequestFitSizeFromCenter="false" RequestResetCaption="false" RequestResetCaptionFitWidth="false" RequestResetCaptionSize="false" RequestSetSizeOption="0" Selectable="true" ShowAllocatedFrom="0" ShowAllocatedTo="0" ShowCallBehaviorOption="0" ShowStereotypeIconName="0" Width="111" X="845" Y="257" ZOrder="2">
									<ElementFont Color="rgb(0, 0, 0)" Name="Dialog" Size="11" Style="0"/>
									<Line Cap="0" Color="rgb(0, 0, 0)" Transparency="0" Weight="1.0">
										<Stroke/>
									</Line>
									<Caption Height="62" InternalHeight="-2147483648" InternalWidth="-2147483648" Side="Center" Visible="true" Width="111" X="0" Y="0"/>
									<FillColor Color="rgb(122, 207, 245)" Style="1" Transparency="0" Type="1"/>
								</ActivityAction>
							</DiagramElementChildren>
							<FillColor Color="rgba(255, 255, 255, 0.0)" Style="1" Transparency="100" Type="1"/>
						</ActivitySwimlane2Compartment>
						<ActivityPartitionHeader Background="rgb(122, 207, 245)" ConnectToPoint="true" ConnectionPointType="2" Foreground="rgb(0, 0, 0)" Height="15" Horizontal="false" Id="WdqFBcqGAqACBATC" MetaModelElement="WdqFBcqGAqACBATD" Model="WdqFBcqGAqACBATD" ModelElementNameAlignment="9" Name="Hotelsko osoblje" OverrideAppearanceWithStereotypeIcon="true" ParentConnectorDTheta="0.0" ParentConnectorHeaderLength="40" ParentConnectorLineLength="10" PresentationOption="4" PrimitiveShapeType="0" RequestDefaultSize="false" RequestFitSize="false" RequestFitSizeFromCenter="false" RequestResetCaption="false" RequestResetCaptionFitWidth="false" RequestResetCaptionSize="false" RequestSetSizeOption="0" Selectable="true" ShowAllocatedFrom="0" ShowAllocatedTo="0" ShowStereotypeIconName="0" Width="318" X="709" Y="70" ZOrder="24">
							<ElementFont Color="rgb(0, 0, 0)" Name="Dialog" Size="11" Style="0"/>
							<Line Cap="0" Color="rgb(0, 0, 0)" Transparency="0" Weight="2.0">
								<Stroke/>
							</Line>
							<Caption Height="15" InternalHeight="-2147483648" InternalWidth="-2147483648" Side="InsideNorth" Visible="true" Width="318" X="0" Y="0"/>
							<FillColor Color="rgba(255, 255, 255, 0.0)" Style="1" Transparency="100" Type="1"/>
						</ActivityPartitionHeader>
						<ActivitySwimlane2Compartment Background="rgb(122, 207, 245)" ConnectToPoint="true" ConnectionPointType="2" Foreground="rgb(0, 0, 0)" Height="368" Id="LkEFBcqGAqACBASe" ModelElementNameAlignment="9" OverrideAppearanceWithStereotypeIcon="true" ParentConnectorDTheta="0.0" ParentConnectorHeaderLength="40" ParentConnectorLineLength="10" PresentationOption="4" PrimitiveShapeType="0" RequestDefaultSize="false" RequestFitSize="false" RequestFitSizeFromCenter="false" RequestResetCaption="false" RequestResetCaptionFitWidth="false" RequestResetCaptionSize="false" RequestSetSizeOption="0" Selectable="true" ShowAllocatedFrom="0" ShowAllocatedTo="0" ShowStereotypeIconName="0" VerticalPartitionId="aEEFBcqGAqACBASa" Width="260" X="449" Y="85" ZOrder="26">
							<ElementFont Color="rgb(0, 0, 0)" Name="Dialog" Size="11" Style="0"/>
							<Line Cap="0" Color="rgb(0, 0, 0)" Transparency="0" Weight="2.0">
								<Stroke/>
							</Line>
							<Caption Height="368" InternalHeight="-2147483648" InternalWidth="-2147483648" Side="Center" Visible="true" Width="260" X="0" Y="0"/>
							<DiagramElementChildren>
								<ActivityAction Background="rgb(122, 207, 245)" ConnectToPoint="true" ConnectionPointType="2" Foreground="rgb(0, 0, 0)" Height="40" Id="diO1BcqGAqACBAau" MetaModelElement="diO1BcqGAqACBAav" Model="diO1BcqGAqACBAav" ModelElementNameAlignment="9" Name="Dodatni zahtjevi putem aplikacije" OverrideAppearanceWithStereotypeIcon="true" ParentConnectorDTheta="0.0" ParentConnectorHeaderLength="40" ParentConnectorLineLength="10" PresentationOption="4" PrimitiveShapeType="0" RequestDefaultSize="false" RequestFitSize="false" RequestFitSizeFromCenter="false" RequestResetCaption="false" RequestResetCaptionFitWidth="false" RequestResetCaptionSize="false" RequestSetSizeOption="0" Selectable="true" ShowAllocatedFrom="0" ShowAllocatedTo="0" ShowCallBehaviorOption="0" ShowStereotypeIconName="0" Width="114" X="525" Y="277" ZOrder="6">
									<ElementFont Color="rgb(0, 0, 0)" Name="Dialog" Size="11" Style="0"/>
									<Line Cap="0" Color="rgb(0, 0, 0)" Transparency="0" Weight="1.0">
										<Stroke/>
									</Line>
									<Caption Height="40" InternalHeight="-2147483648" InternalWidth="-2147483648" Side="Center" Visible="true" Width="114" X="0" Y="0"/>
									<FillColor Color="rgb(122, 207, 245)" Style="1" Transparency="0" Type="1"/>
								</ActivityAction>
							</DiagramElementChildren>
							<FillColor Color="rgba(255, 255, 255, 0.0)" Style="1" Transparency="100" Type="1"/>
						</ActivitySwimlane2Compartment>
						<ActivityPartitionHeader Background="rgb(122, 207, 245)" ConnectToPoint="true" ConnectionPointType="2" Foreground="rgb(0, 0, 0)" Height="15" Horizontal="false" Id="aEEFBcqGAqACBASa" MetaModelElement="aEEFBcqGAqACBASb" Model="aEEFBcqGAqACBASb" ModelElementNameAlignment="9" Name="Gost" OverrideAppearanceWithStereotypeIcon="true" ParentConnectorDTheta="0.0" ParentConnectorHeaderLength="40" ParentConnectorLineLength="10" PresentationOption="4" PrimitiveShapeType="0" RequestDefaultSize="false" RequestFitSize="false" RequestFitSizeFromCenter="false" RequestResetCaption="false" RequestResetCaptionFitWidth="false" RequestResetCaptionSize="false" RequestSetSizeOption="0" Selectable="true" ShowAllocatedFrom="0" ShowAllocatedTo="0" ShowStereotypeIconName="0" Width="260" X="449" Y="70" ZOrder="28">
							<ElementFont Color="rgb(0, 0, 0)" Name="Dialog" Size="11" Style="0"/>
							<Line Cap="0" Color="rgb(0, 0, 0)" Transparency="0" Weight="2.0">
								<Stroke/>
							</Line>
							<Caption Height="15" InternalHeight="-2147483648" InternalWidth="-2147483648" Side="InsideNorth" Visible="true" Width="260" X="0" Y="0"/>
							<FillColor Color="rgba(255, 255, 255, 0.0)" Style="1" Transparency="100" Type="1"/>
						</ActivityPartitionHeader>
						<ActivitySwimlane2Compartment Background="rgb(122, 207, 245)" ConnectToPoint="true" ConnectionPointType="2" Foreground="rgb(0, 0, 0)" Height="368" Id="4EEFBcqGAqACBASY" ModelElementNameAlignment="9" OverrideAppearanceWithStereotypeIcon="true" ParentConnectorDTheta="0.0" ParentConnectorHeaderLength="40" ParentConnectorLineLength="10" PresentationOption="4" PrimitiveShapeType="0" RequestDefaultSize="false" RequestFitSize="false" RequestFitSizeFromCenter="false" RequestResetCaption="false" RequestResetCaptionFitWidth="false" RequestResetCaptionSize="false" RequestSetSizeOption="0" Selectable="true" ShowAllocatedFrom="0" ShowAllocatedTo="0" ShowStereotypeIconName="0" VerticalPartitionId="UYEFBcqGAqACBASU" Width="366" X="83" Y="85" ZOrder="31">
							<ElementFont Color="rgb(0, 0, 0)" Name="Dialog" Size="11" Style="0"/>
							<Line Cap="0" Color="rgb(0, 0, 0)" Transparency="0" Weight="2.0">
								<Stroke/>
							</Line>
							<Caption Height="368" InternalHeight="-2147483648" InternalWidth="-2147483648" Side="Center" Visible="true" Width="366" X="0" Y="0"/>
							<DiagramElementChildren>
								<FlowFinalNode Background="rgb(122, 207, 245)" ConnectToPoint="true" ConnectionPointType="1" Foreground="rgb(0, 0, 0)" Height="20" Id="SFsVBcqGAqACBAZN" MetaModelElement="SFsVBcqGAqACBAZO" Model="SFsVBcqGAqACBAZO" ModelElementNameAlignment="9" Name="" OverrideAppearanceWithStereotypeIcon="true" ParentConnectorDTheta="0.0" ParentConnectorHeaderLength="40" ParentConnectorLineLength="10" PresentationOption="4" PrimitiveShapeType="0" RequestDefaultSize="false" RequestFitSize="false" RequestFitSizeFromCenter="false" RequestResetCaption="false" RequestResetCaptionFitWidth="false" RequestResetCaptionSize="false" RequestSetSizeOption="0" Selectable="true" ShowAllocatedFrom="0" ShowAllocatedTo="0" ShowStereotypeIconName="0" Width="20" X="139" Y="393" ZOrder="10">
									<ElementFont Color="rgb(0, 0, 0)" Name="Dialog" Size="11" Style="0"/>
									<Line Cap="0" Color="rgb(0, 0, 0)" Transparency="0" Weight="1.0">
										<Stroke/>
									</Line>
									<Caption Height="0" InternalHeight="-2147483648" InternalWidth="-2147483648" Side="None" Visible="true" Width="20" X="139" Y="413"/>
									<FillColor Color="rgb(122, 207, 245)" Style="1" Transparency="0" Type="1"/>
								</FlowFinalNode>
								<ActivityAction Background="rgb(122, 207, 245)" ConnectToPoint="true" ConnectionPointType="2" Foreground="rgb(0, 0, 0)" Height="63" Id="DdElBcqGAqACBAW7" MetaModelElement="DdElBcqGAqACBAW8" Model="DdElBcqGAqACBAW8" ModelElementNameAlignment="9" Name="Dodjela korisnicke sifre i kljuca" OverrideAppearanceWithStereotypeIcon="true" ParentConnectorDTheta="0.0" ParentConnectorHeaderLength="40" ParentConnectorLineLength="10" PresentationOption="4" PrimitiveShapeType="0" RequestDefaultSize="false" RequestFitSize="false" RequestFitSizeFromCenter="false" RequestResetCaption="false" RequestResetCaptionFitWidth="false" RequestResetCaptionSize="false" RequestSetSizeOption="0" Selectable="true" ShowAllocatedFrom="0" ShowAllocatedTo="0" ShowCallBehaviorOption="0" ShowStereotypeIconName="0" Width="90" X="289" Y="269" ZOrder="12">
									<ElementFont Color="rgb(0, 0, 0)" Name="Dialog" Size="11" Style="0"/>
									<Line Cap="0" Color="rgb(0, 0, 0)" Transparency="0" Weight="1.0">
										<Stroke/>
									</Line>
									<Caption Height="63" InternalHeight="-2147483648" InternalWidth="-2147483648" Side="Center" Visible="true" Width="90" X="0" Y="0"/>
									<FillColor Color="rgb(122, 207, 245)" Style="1" Transparency="0" Type="1"/>
								</ActivityAction>
								<MergeNode Background="rgb(122, 207, 245)" ConnectToPoint="true" ConnectionPointType="1" CreatorDiagramType="ActivityDiagram" DecisionMergeNodeConnectionPointStyle="2" Foreground="rgb(0, 0, 0)" Height="40" Id="3J_FBcqGAqACBAUj" MetaModelElement="3J_FBcqGAqACBAUk" Model="3J_FBcqGAqACBAUk" ModelElementNameAlignment="9" Name="" OverrideAppearanceWithStereotypeIcon="true" ParentConnectorDTheta="0.0" ParentConnectorHeaderLength="40" ParentConnectorLineLength="10" PresentationOption="4" PrimitiveShapeType="0" RequestDefaultSize="false" RequestFitSize="false" RequestFitSizeFromCenter="false" RequestResetCaption="false" RequestResetCaptionFitWidth="false" RequestResetCaptionSize="false" RequestSetSizeOption="0" Selectable="true" ShowAllocatedFrom="0" ShowAllocatedTo="0" ShowStereotypeIconName="0" Width="25" X="226" Y="229" ZOrder="14">
									<ElementFont Color="rgb(0, 0, 0)" Name="Dialog" Size="11" Style="0"/>
									<Line Cap="0" Color="rgb(0, 0, 0)" Transparency="0" Weight="1.0">
										<Stroke/>
									</Line>
									<Caption Height="0" InternalHeight="-2147483648" InternalWidth="-2147483648" Side="None" Visible="true" Width="20" X="228" Y="269"/>
									<FillColor Color="rgb(122, 207, 245)" Style="1" Transparency="0" Type="1"/>
								</MergeNode>
								<ActivityAction Background="rgb(122, 207, 245)" ConnectToPoint="true" ConnectionPointType="2" Foreground="rgb(0, 0, 0)" Height="55" Id="KMzFBcqGAqACBAUB" MetaModelElement="KMzFBcqGAqACBAUC" Model="KMzFBcqGAqACBAUC" ModelElementNameAlignment="9" Name="Obrazlozenje i ponuda rezervacije punem aplikacije" OverrideAppearanceWithStereotypeIcon="true" ParentConnectorDTheta="0.0" ParentConnectorHeaderLength="40" ParentConnectorLineLength="10" PresentationOption="4" PrimitiveShapeType="0" RequestDefaultSize="false" RequestFitSize="false" RequestFitSizeFromCenter="false" RequestResetCaption="false" RequestResetCaptionFitWidth="false" RequestResetCaptionSize="false" RequestSetSizeOption="0" Selectable="true" ShowAllocatedFrom="0" ShowAllocatedTo="0" ShowCallBehaviorOption="0" ShowStereotypeIconName="0" Width="112" X="93" Y="277" ZOrder="16">
									<ElementFont Color="rgb(0, 0, 0)" Name="Dialog" Size="11" Style="0"/>
									<Line Cap="0" Color="rgb(0, 0, 0)" Transparency="0" Weight="1.0">
										<Stroke/>
									</Line>
									<Caption Height="55" InternalHeight="-2147483648" InternalWidth="-2147483648" Side="Center" Visible="true" Width="112" X="0" Y="0"/>
									<FillColor Color="rgb(122, 207, 245)" Style="1" Transparency="0" Type="1"/>
								</ActivityAction>
								<InitialNode Background="rgb(122, 207, 245)" ConnectToPoint="true" ConnectionPointType="1" CreatorDiagramType="ActivityDiagram" Foreground="rgb(0, 0, 0)" Height="20" Id="BNBFBcqGAqACBATY" MetaModelElement="BNBFBcqGAqACBATZ" Model="BNBFBcqGAqACBATZ" ModelElementNameAlignment="9" Name="" OverrideAppearanceWithStereotypeIcon="true" ParentConnectorDTheta="0.0" ParentConnectorHeaderLength="40" ParentConnectorLineLength="10" PresentationOption="4" PrimitiveShapeType="0" RequestDefaultSize="false" RequestFitSize="false" RequestFitSizeFromCenter="false" RequestResetCaption="false" RequestResetCaptionFitWidth="false" RequestResetCaptionSize="false" RequestSetSizeOption="0" Selectable="true" ShowAllocatedFrom="0" ShowAllocatedTo="0" ShowStereotypeIconName="0" Width="40" X="218" Y="100" ZOrder="18">
									<ElementFont Color="rgb(0, 0, 0)" Name="Dialog" Size="11" Style="0"/>
									<Line Cap="0" Color="rgb(0, 0, 0)" Transparency="0" Weight="1.0">
										<Stroke/>
									</Line>
									<Caption Height="0" InternalHeight="-2147483648" InternalWidth="-2147483648" Side="None" Visible="true" Width="20" X="228" Y="120"/>
									<FillColor Color="rgb(0, 0, 0)" Style="1" Transparency="0" Type="1"/>
								</InitialNode>
								<ActivityAction Background="rgb(122, 207, 245)" ConnectToPoint="true" ConnectionPointType="2" Foreground="rgb(0, 0, 0)" Height="57" Id="vTuFBcqGAqACBATO" MetaModelElement="szuFBcqGAqACBATP" Model="szuFBcqGAqACBATP" ModelElementNameAlignment="9" Name="Provjer podataka i obrada zahtjeva" OverrideAppearanceWithStereotypeIcon="true" ParentConnectorDTheta="0.0" ParentConnectorHeaderLength="40" ParentConnectorLineLength="10" PresentationOption="4" PrimitiveShapeType="0" RequestDefaultSize="false" RequestFitSize="false" RequestFitSizeFromCenter="false" RequestResetCaption="false" RequestResetCaptionFitWidth="false" RequestResetCaptionSize="false" RequestSetSizeOption="0" Selectable="true" ShowAllocatedFrom="0" ShowAllocatedTo="0" ShowCallBehaviorOption="0" ShowStereotypeIconName="0" Width="119" X="179" Y="159" ZOrder="20">
									<ElementFont Color="rgb(0, 0, 0)" Name="Dialog" Size="11" Style="0"/>
									<Line Cap="0" Color="rgb(0, 0, 0)" Transparency="0" Weight="1.0">
										<Stroke/>
									</Line>
									<Caption Height="57" InternalHeight="-2147483648" InternalWidth="-2147483648" Side="Center" Visible="true" Width="119" X="0" Y="0"/>
									<FillColor Color="rgb(122, 207, 245)" Style="1" Transparency="0" Type="1"/>
								</ActivityAction>
							</DiagramElementChildren>
							<FillColor Color="rgba(255, 255, 255, 0.0)" Style="1" Transparency="100" Type="1"/>
						</ActivitySwimlane2Compartment>
						<ActivityPartitionHeader Background="rgb(122, 207, 245)" ConnectToPoint="true" ConnectionPointType="2" Foreground="rgb(0, 0, 0)" Height="15" Horizontal="false" Id="UYEFBcqGAqACBASU" MetaModelElement="UYEFBcqGAqACBASV" Model="UYEFBcqGAqACBASV" ModelElementNameAlignment="9" Name="Administrator" OverrideAppearanceWithStereotypeIcon="true" ParentConnectorDTheta="0.0" ParentConnectorHeaderLength="40" ParentConnectorLineLength="10" PresentationOption="4" PrimitiveShapeType="0" RequestDefaultSize="false" RequestFitSize="false" RequestFitSizeFromCenter="false" RequestResetCaption="false" RequestResetCaptionFitWidth="false" RequestResetCaptionSize="false" RequestSetSizeOption="0" Selectable="true" ShowAllocatedFrom="0" ShowAllocatedTo="0" ShowStereotypeIconName="0" Width="366" X="83" Y="70" ZOrder="33">
							<ElementFont Color="rgb(0, 0, 0)" Name="Dialog" Size="11" Style="0"/>
							<Line Cap="0" Color="rgb(0, 0, 0)" Transparency="0" Weight="2.0">
								<Stroke/>
							</Line>
							<Caption Height="15" InternalHeight="-2147483648" InternalWidth="-2147483648" Side="InsideNorth" Visible="true" Width="366" X="0" Y="0"/>
							<FillColor Color="rgba(255, 255, 255, 0.0)" Style="1" Transparency="100" Type="1"/>
						</ActivityPartitionHeader>
					</DiagramElementChildren>
					<FillColor Color="rgba(255, 255, 255, 0.0)" Style="1" Transparency="100" Type="1"/>
				</ActivitySwimlane2>
			</Shapes>
		</ActivityDiagram>
	</Diagrams>
</Project>